90111,1,1,name,ID,f,yomo,2018-04-11 09:49:30.02256,yomo,2018-04-11 09:49:49.417848
90111,1,4,name-jp,ID,f,yomo,2018-04-11 09:49:30.02256,yomo,2018-04-11 09:49:49.417848
90111,1,3,data,id,f,yomo,2018-04-11 09:49:30.02256,yomo,2018-04-11 09:49:49.417848
90111,1,2,type,text,f,yomo,2018-04-11 09:49:30.02256,yomo,2018-04-11 09:49:49.417848
90111,2,2,type,text,f,yomo,2018-04-11 09:49:30.02256,yomo,2018-04-11 09:49:49.417848
90111,3,2,type,text,f,yomo,2018-04-11 09:49:30.02256,yomo,2018-04-11 09:49:49.417848
90111,4,2,type,text,f,yomo,2018-04-11 09:49:30.02256,yomo,2018-04-11 09:49:49.417848
90111,5,2,type,text,f,yomo,2018-04-11 09:49:30.02256,yomo,2018-04-11 09:49:49.417848
90111,2,1,name,PID,f,yomo,2018-04-11 09:49:30.02256,yomo,2018-04-11 09:49:49.417848
90111,2,4,name-jp,PID,f,yomo,2018-04-11 09:49:30.02256,yomo,2018-04-11 09:49:49.417848
90111,2,3,data,pid,f,yomo,2018-04-11 09:49:30.02256,yomo,2018-04-11 09:49:49.417848
90111,4,1,name,Title_JP,f,yomo,2018-04-11 09:49:30.02256,yomo,2018-04-11 09:49:49.417848
90111,4,4,name-jp,Title_JP,f,yomo,2018-04-11 09:49:30.02256,yomo,2018-04-11 09:49:49.417848
90111,4,3,data,display_jp,f,yomo,2018-04-11 09:49:30.02256,yomo,2018-04-11 09:49:49.417848
90111,5,1,name,Href,f,yomo,2018-04-11 09:49:30.02256,yomo,2018-04-11 09:49:49.417848
90111,5,4,name-jp,Href,f,yomo,2018-04-11 09:49:30.02256,yomo,2018-04-11 09:49:49.417848
90111,5,3,data,href,f,yomo,2018-04-11 09:49:30.02256,yomo,2018-04-11 09:49:49.417848
90214,2,2,type,text,f,yomo,2018-04-12 06:45:21.701556,yomo,2018-04-12 06:45:21.701556
90111,3,1,name,Title,f,yomo,2018-04-11 09:49:30.02256,yomo,2018-04-11 09:49:49.417848
90111,3,4,name-jp,Title,f,yomo,2018-04-11 09:49:30.02256,yomo,2018-04-11 09:49:49.417848
90214,3,2,type,text,f,yomo,2018-04-12 06:45:30.656075,yomo,2018-04-12 06:45:30.656075
90111,3,3,data,display,f,yomo,2018-04-11 09:49:30.02256,yomo,2018-04-11 09:49:49.417848
90111,6,3,data,has_children,f,yomo,2018-04-11 09:49:30.02256,yomo,2018-04-11 09:49:49.417848
90111,6,1,name,Has Children,f,yomo,2018-04-11 09:49:30.02256,yomo,2018-04-11 09:49:49.417848
90111,6,4,name-jp,Has Children,f,yomo,2018-04-11 09:49:30.02256,yomo,2018-04-11 09:49:49.417848
90111,6,2,type,checkbox,f,yomo,2018-04-11 09:49:30.02256,yomo,2018-04-11 09:49:49.417848
90214,4,2,type,text,f,yomo,2018-04-12 06:45:35.366097,yomo,2018-04-12 06:45:35.366097
90214,5,2,type,text,f,yomo,2018-04-12 06:45:40.121037,yomo,2018-04-12 06:45:40.121037
90212,1,1,name,Component ID,f,yomo,2018-04-12 03:21:06.654566,yomo,2018-04-12 03:21:06.654566
90214,2,3,data,col_id,f,yomo,2018-04-12 06:45:21.701556,yomo,2018-04-12 06:45:21.701556
90214,3,3,data,attr_id,f,yomo,2018-04-12 06:45:30.656075,yomo,2018-04-12 06:45:30.656075
90214,4,3,data,name,f,yomo,2018-04-12 06:45:35.366097,yomo,2018-04-12 06:45:35.366097
90214,5,3,data,value,f,yomo,2018-04-12 06:45:40.121037,yomo,2018-04-12 06:45:40.121037
90214,6,3,data,disabled_flag,f,yomo,2018-04-12 06:45:44.276007,yomo,2018-04-12 06:45:44.276007
90214,2,1,name,Column ID,f,yomo,2018-04-12 06:45:21.701556,yomo,2018-04-12 06:45:21.701556
90214,2,4,name-jp,Column ID,f,yomo,2018-04-12 06:45:21.701556,yomo,2018-04-12 06:45:21.701556
90214,3,1,name,Attr ID,f,yomo,2018-04-12 06:45:30.656075,yomo,2018-04-12 06:45:30.656075
90214,3,4,name-jp,Attr ID,f,yomo,2018-04-12 06:45:30.656075,yomo,2018-04-12 06:45:30.656075
90214,4,1,name,Name,f,yomo,2018-04-12 06:45:35.366097,yomo,2018-04-12 06:45:35.366097
90214,4,4,name-jp,Name,f,yomo,2018-04-12 06:45:35.366097,yomo,2018-04-12 06:45:35.366097
90214,5,1,name,Value,f,yomo,2018-04-12 06:45:40.121037,yomo,2018-04-12 06:45:40.121037
90214,5,4,name-jp,Value,f,yomo,2018-04-12 06:45:40.121037,yomo,2018-04-12 06:45:40.121037
90212,1,2,type,text,f,yomo,2018-04-12 03:21:06.654566,yomo,2018-04-12 03:21:06.654566
90213,1,2,type,text,f,yomo,2018-04-12 03:21:12.505444,yomo,2018-04-12 03:21:12.505444
90214,1,2,type,text,f,yomo,2018-04-12 03:21:16.28459,yomo,2018-04-12 03:21:16.28459
90211,1,1,name,ID,f,yomo,2018-04-12 03:31:43.947683,yomo,2018-04-12 03:31:43.947683
90211,1,2,type,text,f,yomo,2018-04-12 03:31:43.947683,yomo,2018-04-12 03:31:43.947683
90211,1,3,data,id,f,yomo,2018-04-12 03:31:43.947683,yomo,2018-04-12 03:31:43.947683
90211,1,4,name-jp,ID,f,yomo,2018-04-12 03:31:43.947683,yomo,2018-04-12 03:31:43.947683
90211,2,1,name,PID,f,yomo,2018-04-12 03:31:43.947683,yomo,2018-04-12 03:31:43.947683
90211,2,2,type,text,f,yomo,2018-04-12 03:31:43.947683,yomo,2018-04-12 03:31:43.947683
90211,2,3,data,pid,f,yomo,2018-04-12 03:31:43.947683,yomo,2018-04-12 03:31:43.947683
90211,2,4,name-jp,PID,f,yomo,2018-04-12 03:31:43.947683,yomo,2018-04-12 03:31:43.947683
90211,3,1,name,Title,f,yomo,2018-04-12 03:31:43.947683,yomo,2018-04-12 03:31:43.947683
90211,3,2,type,text,f,yomo,2018-04-12 03:31:43.947683,yomo,2018-04-12 03:31:43.947683
90211,3,3,data,display,f,yomo,2018-04-12 03:31:43.947683,yomo,2018-04-12 03:31:43.947683
90211,3,4,name-jp,Title,f,yomo,2018-04-12 03:31:43.947683,yomo,2018-04-12 03:31:43.947683
90211,4,1,name,Title_JP,f,yomo,2018-04-12 03:31:43.947683,yomo,2018-04-12 03:31:43.947683
90211,4,2,type,text,f,yomo,2018-04-12 03:31:43.947683,yomo,2018-04-12 03:31:43.947683
90211,4,3,data,display_jp,f,yomo,2018-04-12 03:31:43.947683,yomo,2018-04-12 03:31:43.947683
90211,4,4,name-jp,Title_JP,f,yomo,2018-04-12 03:31:43.947683,yomo,2018-04-12 03:31:43.947683
90211,5,1,name,Href,f,yomo,2018-04-12 03:31:43.947683,yomo,2018-04-12 03:31:43.947683
90213,1,1,name,Component ID,f,yomo,2018-04-12 03:21:12.505444,yomo,2018-04-12 03:21:12.505444
90213,1,4,name-jp,Component ID,f,yomo,2018-04-12 03:21:12.505444,yomo,2018-04-12 03:21:12.505444
90212,1,4,name-jp,Component ID,f,yomo,2018-04-12 03:21:06.654566,yomo,2018-04-12 03:21:06.654566
90214,1,1,name,Component ID,f,yomo,2018-04-12 03:21:16.28459,yomo,2018-04-12 03:21:16.28459
90214,6,1,name,Disabled Flag,f,yomo,2018-04-12 06:45:44.276007,yomo,2018-04-12 06:45:44.276007
90214,6,4,name-jp,Disabled Flag,f,yomo,2018-04-12 06:45:44.276007,yomo,2018-04-12 06:45:44.276007
90212,1,8,readOnly,true,f,yomo,2018-04-12 09:46:19.833725,yomo,2018-04-12 09:46:19.833725
90213,1,8,readOnly,true,f,yomo,2018-04-13 08:50:48.83913,yomo,2018-04-13 08:50:48.83913
90214,1,8,readOnly,true,f,yomo,2018-04-13 08:50:48.83913,yomo,2018-04-13 08:50:48.83913
90214,6,2,type,checkbox,f,yomo,2018-04-12 06:45:44.276007,yomo,2018-04-12 06:45:44.276007
90511,1,1,name,Template Name,f,yomo,2018-04-18 10:20:01.106747,yomo,2018-04-18 10:20:01.106747
90511,1,2,type,text,f,yomo,2018-04-18 10:20:01.106747,yomo,2018-04-18 10:20:01.106747
90511,1,3,data,template_name,f,yomo,2018-04-18 10:20:01.106747,yomo,2018-04-18 10:20:01.106747
90511,1,4,name-jp,Template Name,f,yomo,2018-04-18 10:20:01.106747,yomo,2018-04-18 10:20:01.106747
90311,1,1,name,ID,f,yomo,2018-04-18 10:14:23.404328,yomo,2018-04-18 10:14:23.404328
90311,1,2,type,text,f,yomo,2018-04-18 10:14:23.404328,yomo,2018-04-18 10:14:23.404328
90311,1,3,data,id,f,yomo,2018-04-18 10:14:23.404328,yomo,2018-04-18 10:14:23.404328
90311,1,4,name-jp,ID,f,yomo,2018-04-18 10:14:23.404328,yomo,2018-04-18 10:14:23.404328
90214,1,3,data,cmpt_id,f,yomo,2018-04-12 03:21:16.28459,yomo,2018-04-12 03:21:16.28459
90212,1,3,data,cmpt_id,f,yomo,2018-04-12 03:21:06.654566,yomo,2018-04-12 03:21:06.654566
90213,1,3,data,cmpt_id,f,yomo,2018-04-12 03:21:12.505444,yomo,2018-04-12 03:21:12.505444
90214,1,4,name-jp,Component ID,f,yomo,2018-04-12 03:21:16.28459,yomo,2018-04-12 03:21:16.28459
90211,5,2,type,text,f,yomo,2018-04-12 03:31:43.947683,yomo,2018-04-12 03:31:43.947683
90211,5,3,data,href,f,yomo,2018-04-12 03:31:43.947683,yomo,2018-04-12 03:31:43.947683
90211,5,4,name-jp,Href,f,yomo,2018-04-12 03:31:43.947683,yomo,2018-04-12 03:31:43.947683
90212,2,2,type,text,f,yomo,2018-04-12 05:46:14.922442,yomo,2018-04-12 05:46:14.922442
90212,3,2,type,text,f,yomo,2018-04-12 05:46:14.922442,yomo,2018-04-12 05:46:14.922442
90213,6,2,type,checkbox,f,yomo,2018-04-12 06:33:08.69317,yomo,2018-04-12 06:33:08.69317
90212,3,3,data,cmpt_name,f,yomo,2018-04-12 05:46:14.922442,yomo,2018-04-12 05:46:14.922442
90212,3,1,name,Component Name,f,yomo,2018-04-12 05:46:14.922442,yomo,2018-04-12 05:46:14.922442
90212,3,4,name-jp,Component Name,f,yomo,2018-04-12 05:46:14.922442,yomo,2018-04-12 05:46:14.922442
90212,2,1,name,Component UID,f,yomo,2018-04-12 05:46:14.922442,yomo,2018-04-12 05:46:14.922442
90213,2,2,type,text,f,yomo,2018-04-12 06:33:05.633611,yomo,2018-04-12 06:33:05.633611
90213,3,2,type,text,f,yomo,2018-04-12 06:33:08.69317,yomo,2018-04-12 06:33:08.69317
90213,4,2,type,text,f,yomo,2018-04-12 06:33:08.69317,yomo,2018-04-12 06:33:08.69317
90213,5,2,type,text,f,yomo,2018-04-12 06:33:08.69317,yomo,2018-04-12 06:33:08.69317
90213,3,3,data,name,f,yomo,2018-04-12 06:33:08.69317,yomo,2018-04-12 06:33:08.69317
90213,4,3,data,value,f,yomo,2018-04-12 06:33:08.69317,yomo,2018-04-12 06:33:08.69317
90213,5,3,data,data_type,f,yomo,2018-04-12 06:33:08.69317,yomo,2018-04-12 06:33:08.69317
90213,6,3,data,disabled_flag,f,yomo,2018-04-12 06:33:08.69317,yomo,2018-04-12 06:33:08.69317
90213,2,1,name,Attr ID,f,yomo,2018-04-12 06:33:05.633611,yomo,2018-04-12 06:33:05.633611
90213,2,4,name-jp,Attr ID,f,yomo,2018-04-12 06:33:05.633611,yomo,2018-04-12 06:33:05.633611
90213,3,1,name,Name,f,yomo,2018-04-12 06:33:08.69317,yomo,2018-04-12 06:33:08.69317
90213,3,4,name-jp,Name,f,yomo,2018-04-12 06:33:08.69317,yomo,2018-04-12 06:33:08.69317
90213,4,1,name,Value,f,yomo,2018-04-12 06:33:08.69317,yomo,2018-04-12 06:33:08.69317
90213,4,4,name-jp,Value,f,yomo,2018-04-12 06:33:08.69317,yomo,2018-04-12 06:33:08.69317
90213,5,1,name,Data Type,f,yomo,2018-04-12 06:33:08.69317,yomo,2018-04-12 06:33:08.69317
90213,5,4,name-jp,Data Type,f,yomo,2018-04-12 06:33:08.69317,yomo,2018-04-12 06:33:08.69317
90213,6,1,name,Disabled Flag,f,yomo,2018-04-12 06:33:08.69317,yomo,2018-04-12 06:33:08.69317
90213,6,4,name-jp,Disabled Flag,f,yomo,2018-04-12 06:33:08.69317,yomo,2018-04-12 06:33:08.69317
90213,2,3,data,attr_id,f,yomo,2018-04-12 06:33:05.633611,yomo,2018-04-12 06:33:05.633611
90611,1,1,name,Template Name,f,yomo,2018-04-18 10:24:08.417652,yomo,2018-04-18 10:24:08.417652
90611,1,2,type,text,f,yomo,2018-04-18 10:24:08.417652,yomo,2018-04-18 10:24:08.417652
90611,1,3,data,template_name,f,yomo,2018-04-18 10:24:08.417652,yomo,2018-04-18 10:24:08.417652
90611,1,4,name-jp,Template Name,f,yomo,2018-04-18 10:24:08.417652,yomo,2018-04-18 10:24:08.417652
90311,2,1,name,PID,f,yomo,2018-04-18 10:45:50.888739,yomo,2018-04-18 10:45:50.888739
90311,2,2,type,text,f,yomo,2018-04-18 10:45:50.888739,yomo,2018-04-18 10:45:50.888739
90311,2,3,data,pid,f,yomo,2018-04-18 10:45:50.888739,yomo,2018-04-18 10:45:50.888739
90311,2,4,name-jp,PID,f,yomo,2018-04-18 10:45:50.888739,yomo,2018-04-18 10:45:50.888739
90311,3,1,name,Title,f,yomo,2018-04-18 10:45:50.888739,yomo,2018-04-18 10:45:50.888739
90311,3,2,type,text,f,yomo,2018-04-18 10:45:50.888739,yomo,2018-04-18 10:45:50.888739
90311,3,3,data,display,f,yomo,2018-04-18 10:45:50.888739,yomo,2018-04-18 10:45:50.888739
90311,3,4,name-jp,Title,f,yomo,2018-04-18 10:45:50.888739,yomo,2018-04-18 10:45:50.888739
90311,4,1,name,Title_JP,f,yomo,2018-04-18 10:45:50.888739,yomo,2018-04-18 10:45:50.888739
90311,4,2,type,text,f,yomo,2018-04-18 10:45:50.888739,yomo,2018-04-18 10:45:50.888739
90311,4,3,data,display_jp,f,yomo,2018-04-18 10:45:50.888739,yomo,2018-04-18 10:45:50.888739
90311,4,4,name-jp,Title_JP,f,yomo,2018-04-18 10:45:50.888739,yomo,2018-04-18 10:45:50.888739
90311,5,1,name,Href,f,yomo,2018-04-18 10:45:50.888739,yomo,2018-04-18 10:45:50.888739
90311,5,2,type,text,f,yomo,2018-04-18 10:45:50.888739,yomo,2018-04-18 10:45:50.888739
90311,5,3,data,href,f,yomo,2018-04-18 10:45:50.888739,yomo,2018-04-18 10:45:50.888739
90311,5,4,name-jp,Href,f,yomo,2018-04-18 10:45:50.888739,yomo,2018-04-18 10:45:50.888739
90411,1,1,name,ID,f,yomo,2018-04-18 10:16:13.667694,yomo,2018-04-18 10:16:13.667694
90411,1,2,type,text,f,yomo,2018-04-18 10:16:13.667694,yomo,2018-04-18 10:16:13.667694
90411,1,3,data,id,f,yomo,2018-04-18 10:16:13.667694,yomo,2018-04-18 10:16:13.667694
90411,1,4,name-jp,ID,f,yomo,2018-04-18 10:16:13.667694,yomo,2018-04-18 10:16:13.667694
90411,2,1,name,PID,f,yomo,2018-04-18 10:51:14.470386,yomo,2018-04-18 10:51:14.470386
90411,2,2,type,text,f,yomo,2018-04-18 10:51:14.470386,yomo,2018-04-18 10:51:14.470386
90411,2,3,data,pid,f,yomo,2018-04-18 10:51:14.470386,yomo,2018-04-18 10:51:14.470386
90411,2,4,name-jp,PID,f,yomo,2018-04-18 10:51:14.470386,yomo,2018-04-18 10:51:14.470386
90411,3,1,name,Title,f,yomo,2018-04-18 10:51:14.470386,yomo,2018-04-18 10:51:14.470386
90411,3,2,type,text,f,yomo,2018-04-18 10:51:14.470386,yomo,2018-04-18 10:51:14.470386
90411,3,3,data,display,f,yomo,2018-04-18 10:51:14.470386,yomo,2018-04-18 10:51:14.470386
90411,3,4,name-jp,Title,f,yomo,2018-04-18 10:51:14.470386,yomo,2018-04-18 10:51:14.470386
90411,4,1,name,Title_JP,f,yomo,2018-04-18 10:51:14.470386,yomo,2018-04-18 10:51:14.470386
90411,4,2,type,text,f,yomo,2018-04-18 10:51:14.470386,yomo,2018-04-18 10:51:14.470386
90411,4,3,data,display_jp,f,yomo,2018-04-18 10:51:14.470386,yomo,2018-04-18 10:51:14.470386
90212,4,4,name-jp,Comp Type,f,yomo,2018-04-12 05:46:14.922442,yomo,2018-04-12 05:46:14.922442
90212,4,2,type,dropdown,f,yomo,2018-04-12 05:46:14.922442,yomo,2018-04-12 05:46:14.922442
90212,2,4,name-jp,Component UID,f,yomo,2018-04-12 05:46:14.922442,yomo,2018-04-12 05:46:14.922442
90212,4,1,name,Comp Type,f,yomo,2018-04-12 05:46:14.922442,yomo,2018-04-12 05:46:14.922442
90212,4,3,data,comp_type,f,yomo,2018-04-12 05:46:14.922442,yomo,2018-04-12 05:46:14.922442
90212,2,3,data,cmpt_uid,f,yomo,2018-04-12 05:46:14.922442,yomo,2018-04-12 05:46:14.922442
90411,4,4,name-jp,Title_JP,f,yomo,2018-04-18 10:51:14.470386,yomo,2018-04-18 10:51:14.470386
90411,5,1,name,Href,f,yomo,2018-04-18 10:51:14.470386,yomo,2018-04-18 10:51:14.470386
90411,5,2,type,text,f,yomo,2018-04-18 10:51:14.470386,yomo,2018-04-18 10:51:14.470386
90411,5,3,data,href,f,yomo,2018-04-18 10:51:14.470386,yomo,2018-04-18 10:51:14.470386
90411,5,4,name-jp,Href,f,yomo,2018-04-18 10:51:14.470386,yomo,2018-04-18 10:51:14.470386
90312,1,2,type,text,f,yomo,2018-04-18 10:54:47.410639,yomo,2018-04-18 10:54:47.410639
90312,1,1,name,ID,f,yomo,2018-04-18 10:54:47.410639,yomo,2018-04-18 10:54:47.410639
90312,1,3,data,id,f,yomo,2018-04-18 10:54:47.410639,yomo,2018-04-18 10:54:47.410639
90312,1,4,name-jp,ID,f,yomo,2018-04-18 10:54:47.410639,yomo,2018-04-18 10:54:47.410639
90312,2,1,name,Page Name,f,yomo,2018-04-18 11:12:21.376404,yomo,2018-04-18 11:12:21.376404
90312,2,2,type,text,f,yomo,2018-04-18 11:12:21.376404,yomo,2018-04-18 11:12:21.376404
90312,2,3,data,page_name,f,yomo,2018-04-18 11:12:21.376404,yomo,2018-04-18 11:12:21.376404
90312,2,4,name-jp,Page Name,f,yomo,2018-04-18 11:12:21.376404,yomo,2018-04-18 11:12:21.376404
90312,3,1,name,Event,f,yomo,2018-04-18 11:12:21.376404,yomo,2018-04-18 11:12:21.376404
90312,3,2,type,text,f,yomo,2018-04-18 11:12:21.376404,yomo,2018-04-18 11:12:21.376404
90312,3,3,data,event,f,yomo,2018-04-18 11:12:21.376404,yomo,2018-04-18 11:12:21.376404
90312,3,4,name-jp,Event,f,yomo,2018-04-18 11:12:21.376404,yomo,2018-04-18 11:12:21.376404
90312,4,1,name,Comp ID,f,yomo,2018-04-18 11:15:45.047301,yomo,2018-04-18 11:15:45.047301
90312,4,2,type,text,f,yomo,2018-04-18 11:15:45.047301,yomo,2018-04-18 11:15:45.047301
90312,4,3,data,comp_id,f,yomo,2018-04-18 11:15:45.047301,yomo,2018-04-18 11:15:45.047301
90312,4,4,name-jp,Comp ID,f,yomo,2018-04-18 11:15:45.047301,yomo,2018-04-18 11:15:45.047301
90312,5,1,name,Ajax URL,f,yomo,2018-04-18 11:15:45.047301,yomo,2018-04-18 11:15:45.047301
90312,5,2,type,text,f,yomo,2018-04-18 11:15:45.047301,yomo,2018-04-18 11:15:45.047301
90312,5,3,data,ajax_url,f,yomo,2018-04-18 11:15:45.047301,yomo,2018-04-18 11:15:45.047301
90312,5,4,name-jp,Ajax URL,f,yomo,2018-04-18 11:15:45.047301,yomo,2018-04-18 11:15:45.047301
90312,6,1,name,Method,f,yomo,2018-04-18 11:15:45.047301,yomo,2018-04-18 11:15:45.047301
90312,6,2,type,text,f,yomo,2018-04-18 11:15:45.047301,yomo,2018-04-18 11:15:45.047301
90312,6,3,data,type,f,yomo,2018-04-18 11:15:45.047301,yomo,2018-04-18 11:15:45.047301
90312,6,4,name-jp,Method,f,yomo,2018-04-18 11:15:45.047301,yomo,2018-04-18 11:15:45.047301
90312,7,1,name,Parameter,f,yomo,2018-04-18 11:15:45.047301,yomo,2018-04-18 11:15:45.047301
90312,7,2,type,text,f,yomo,2018-04-18 11:15:45.047301,yomo,2018-04-18 11:15:45.047301
90312,7,3,data,parameters,f,yomo,2018-04-18 11:15:45.047301,yomo,2018-04-18 11:15:45.047301
90312,7,4,name-jp,Parameter,f,yomo,2018-04-18 11:15:45.047301,yomo,2018-04-18 11:15:45.047301
90312,8,1,name,Callback,f,yomo,2018-04-18 11:15:45.047301,yomo,2018-04-18 11:15:45.047301
90312,8,2,type,text,f,yomo,2018-04-18 11:15:45.047301,yomo,2018-04-18 11:15:45.047301
90312,8,3,data,callback,f,yomo,2018-04-18 11:15:45.047301,yomo,2018-04-18 11:15:45.047301
90312,8,4,name-jp,Callback,f,yomo,2018-04-18 11:15:45.047301,yomo,2018-04-18 11:15:45.047301
90312,6,5,source,"[""GET"", ""POST"", ""PUT""]",f,yomo,2018-04-18 11:22:59.175636,yomo,2018-04-18 11:22:59.175636
90412,1,2,type,text,f,yomo,2018-04-18 11:48:18.96615,yomo,2018-04-18 11:48:18.96615
90412,1,1,name,ID,f,yomo,2018-04-18 11:48:18.96615,yomo,2018-04-18 11:48:18.96615
90412,1,3,data,id,f,yomo,2018-04-18 11:48:18.96615,yomo,2018-04-18 11:48:18.96615
90412,1,4,name-jp,ID,f,yomo,2018-04-18 11:48:18.96615,yomo,2018-04-18 11:48:18.96615
90412,2,1,name,Page Name,f,yomo,2018-04-18 11:51:29.049401,yomo,2018-04-18 11:51:29.049401
90412,2,2,type,text,f,yomo,2018-04-18 11:51:29.049401,yomo,2018-04-18 11:51:29.049401
90412,2,3,data,page_name,f,yomo,2018-04-18 11:51:29.049401,yomo,2018-04-18 11:51:29.049401
90412,2,4,name-jp,Page Name,f,yomo,2018-04-18 11:51:29.049401,yomo,2018-04-18 11:51:29.049401
90412,3,1,name,Include File,f,yomo,2018-04-18 11:51:29.049401,yomo,2018-04-18 11:51:29.049401
90412,3,2,type,text,f,yomo,2018-04-18 11:51:29.049401,yomo,2018-04-18 11:51:29.049401
90412,3,3,data,src_file,f,yomo,2018-04-18 11:51:29.049401,yomo,2018-04-18 11:51:29.049401
90412,3,4,name-jp,Include File,f,yomo,2018-04-18 11:51:29.049401,yomo,2018-04-18 11:51:29.049401
90412,4,1,name,File Type,f,yomo,2018-04-18 11:51:29.049401,yomo,2018-04-18 11:51:29.049401
90412,4,2,type,text,f,yomo,2018-04-18 11:51:29.049401,yomo,2018-04-18 11:51:29.049401
90412,4,3,data,type,f,yomo,2018-04-18 11:51:29.049401,yomo,2018-04-18 11:51:29.049401
90412,4,4,name-jp,File Type,f,yomo,2018-04-18 11:51:29.049401,yomo,2018-04-18 11:51:29.049401
90412,5,1,name,Disabled Flag,f,yomo,2018-04-18 11:51:29.049401,yomo,2018-04-18 11:51:29.049401
90412,5,2,type,text,f,yomo,2018-04-18 11:51:29.049401,yomo,2018-04-18 11:51:29.049401
90412,5,3,data,disabled_flag,f,yomo,2018-04-18 11:51:29.049401,yomo,2018-04-18 11:51:29.049401
90412,5,4,name-jp,Disabled Flag,f,yomo,2018-04-18 11:51:29.049401,yomo,2018-04-18 11:51:29.049401
90412,6,1,name,Comment,f,yomo,2018-04-18 11:51:29.049401,yomo,2018-04-18 11:51:29.049401
90412,6,2,type,text,f,yomo,2018-04-18 11:51:29.049401,yomo,2018-04-18 11:51:29.049401
90412,6,3,data,comment,f,yomo,2018-04-18 11:51:29.049401,yomo,2018-04-18 11:51:29.049401
90412,6,4,name-jp,Comment,f,yomo,2018-04-18 11:51:29.049401,yomo,2018-04-18 11:51:29.049401
90214,6,5,checked,true,f,yomo,2018-04-20 03:40:26.763885,yomo,2018-04-20 03:40:26.763885
90212,4,5,source,"[""excel"", ""chart"", ""button""]",f,yomo,2018-04-20 03:49:46.684628,yomo,2018-04-20 03:49:46.684628
90711,1,1,name,ID,f,yomo_test,2018-08-28 08:33:56.086646,yomo_test,2018-08-28 08:33:56.086646
90711,1,2,type,text,f,yomo_test,2018-08-28 08:33:56.086646,yomo_test,2018-08-28 08:33:56.086646
90711,1,3,data,id,f,yomo_test,2018-08-28 08:33:56.086646,yomo_test,2018-08-28 08:33:56.086646
90711,1,4,name-jp,ID,f,yomo_test,2018-08-28 08:33:56.086646,yomo_test,2018-08-28 08:33:56.086646
90711,2,1,name,PID,f,yomo_test,2018-08-28 08:36:40.816295,yomo_test,2018-08-28 08:36:40.816295
90711,2,2,type,text,f,yomo_test,2018-08-28 08:36:40.816295,yomo_test,2018-08-28 08:36:40.816295
90711,2,3,data,pid,f,yomo_test,2018-08-28 08:36:40.816295,yomo_test,2018-08-28 08:36:40.816295
90711,2,4,name-jp,PID,f,yomo_test,2018-08-28 08:36:40.816295,yomo_test,2018-08-28 08:36:40.816295
90711,3,1,name,Title,f,yomo_test,2018-08-28 08:36:40.816295,yomo_test,2018-08-28 08:36:40.816295
90711,3,2,type,text,f,yomo_test,2018-08-28 08:36:40.816295,yomo_test,2018-08-28 08:36:40.816295
90711,3,3,data,display,f,yomo_test,2018-08-28 08:36:40.816295,yomo_test,2018-08-28 08:36:40.816295
90711,3,4,name-jp,Title,f,yomo_test,2018-08-28 08:36:40.816295,yomo_test,2018-08-28 08:36:40.816295
90711,4,1,name,Title_JP,f,yomo_test,2018-08-28 08:36:40.816295,yomo_test,2018-08-28 08:36:40.816295
90711,4,2,type,text,f,yomo_test,2018-08-28 08:36:40.816295,yomo_test,2018-08-28 08:36:40.816295
90711,4,3,data,display_jp,f,yomo_test,2018-08-28 08:36:40.816295,yomo_test,2018-08-28 08:36:40.816295
90711,4,4,name-jp,Title_JP,f,yomo_test,2018-08-28 08:36:40.816295,yomo_test,2018-08-28 08:36:40.816295
90711,5,1,name,Href,f,yomo_test,2018-08-28 08:36:40.816295,yomo_test,2018-08-28 08:36:40.816295
90711,5,2,type,text,f,yomo_test,2018-08-28 08:36:40.816295,yomo_test,2018-08-28 08:36:40.816295
90711,5,3,data,href,f,yomo_test,2018-08-28 08:36:40.816295,yomo_test,2018-08-28 08:36:40.816295
90711,5,4,name-jp,Href,f,yomo_test,2018-08-28 08:36:40.816295,yomo_test,2018-08-28 08:36:40.816295
90712,1,1,name,Component ID,f,yomo_test,2018-08-28 08:38:04.136329,yomo_test,2018-08-28 08:38:04.136329
90712,1,2,type,text,f,yomo_test,2018-08-28 08:38:04.136329,yomo_test,2018-08-28 08:38:04.136329
90712,1,3,data,cmpt_id,f,yomo_test,2018-08-28 08:38:04.136329,yomo_test,2018-08-28 08:38:04.136329
90712,1,4,name-jp,Component ID,f,yomo_test,2018-08-28 08:38:04.136329,yomo_test,2018-08-28 08:38:04.136329
90712,2,1,name,Component UID,f,yomo_test,2018-08-28 08:39:04.552463,yomo_test,2018-08-28 08:39:04.552463
90712,2,2,type,text,f,yomo_test,2018-08-28 08:39:04.552463,yomo_test,2018-08-28 08:39:04.552463
90712,2,3,data,cmpt_uid,f,yomo_test,2018-08-28 08:39:04.552463,yomo_test,2018-08-28 08:39:04.552463
90712,2,4,name-jp,Component UID,f,yomo_test,2018-08-28 08:39:04.552463,yomo_test,2018-08-28 08:39:04.552463
90712,3,1,name,Component Name,f,yomo_test,2018-08-28 08:39:04.552463,yomo_test,2018-08-28 08:39:04.552463
90712,3,2,type,text,f,yomo_test,2018-08-28 08:39:04.552463,yomo_test,2018-08-28 08:39:04.552463
90712,3,3,data,cmpt_name,f,yomo_test,2018-08-28 08:39:04.552463,yomo_test,2018-08-28 08:39:04.552463
90712,1,8,readOnly,false,f,yomo_test,2018-08-28 08:39:04.552463,yomo_test,2018-08-28 08:39:04.552463
90712,3,4,name-jp,Component Name,f,yomo_test,2018-08-28 08:39:04.552463,yomo_test,2018-08-28 08:39:04.552463
90712,4,1,name,Comp Type,f,yomo_test,2018-08-28 08:39:04.552463,yomo_test,2018-08-28 08:39:04.552463
90712,4,2,type,dropdown,f,yomo_test,2018-08-28 08:39:04.552463,yomo_test,2018-08-28 08:39:04.552463
90712,4,3,data,comp_type,f,yomo_test,2018-08-28 08:39:04.552463,yomo_test,2018-08-28 08:39:04.552463
90712,4,4,name-jp,Comp Type,f,yomo_test,2018-08-28 08:39:04.552463,yomo_test,2018-08-28 08:39:04.552463
90712,4,5,source,"[""button""]",f,yomo_test,2018-08-28 08:39:04.552463,yomo_test,2018-08-28 08:39:04.552463
90712,5,1,name,Comment,f,yomo_test,2018-08-28 08:39:04.552463,yomo_test,2018-08-28 08:39:04.552463
90712,5,2,type,text,f,yomo_test,2018-08-28 08:39:04.552463,yomo_test,2018-08-28 08:39:04.552463
90712,5,3,data,comment,f,yomo_test,2018-08-28 08:39:04.552463,yomo_test,2018-08-28 08:39:04.552463
90712,5,4,name-jp,Comment,f,yomo_test,2018-08-28 08:39:04.552463,yomo_test,2018-08-28 08:39:04.552463
90713,1,1,name,Component ID,f,yomo_test,2018-08-28 08:40:49.777474,yomo_test,2018-08-28 08:40:49.777474
90713,1,2,type,text,f,yomo_test,2018-08-28 08:40:49.777474,yomo_test,2018-08-28 08:40:49.777474
90713,1,3,data,cmpt_id,f,yomo_test,2018-08-28 08:40:49.777474,yomo_test,2018-08-28 08:40:49.777474
90713,1,4,name-jp,Component ID,f,yomo_test,2018-08-28 08:40:49.777474,yomo_test,2018-08-28 08:40:49.777474
90713,1,8,readOnly,true,f,yomo_test,2018-08-28 08:41:41.121663,yomo_test,2018-08-28 08:41:41.121663
90713,2,1,name,Attr ID,f,yomo_test,2018-08-28 08:41:41.121663,yomo_test,2018-08-28 08:41:41.121663
90713,2,2,type,text,f,yomo_test,2018-08-28 08:41:41.121663,yomo_test,2018-08-28 08:41:41.121663
90713,2,3,data,attr_id,f,yomo_test,2018-08-28 08:41:41.121663,yomo_test,2018-08-28 08:41:41.121663
90713,2,4,name-jp,Attr ID,f,yomo_test,2018-08-28 08:41:41.121663,yomo_test,2018-08-28 08:41:41.121663
90713,3,1,name,Name,f,yomo_test,2018-08-28 08:41:41.121663,yomo_test,2018-08-28 08:41:41.121663
90713,3,2,type,text,f,yomo_test,2018-08-28 08:41:41.121663,yomo_test,2018-08-28 08:41:41.121663
90713,3,3,data,name,f,yomo_test,2018-08-28 08:41:41.121663,yomo_test,2018-08-28 08:41:41.121663
90713,3,4,name-jp,Name,f,yomo_test,2018-08-28 08:41:41.121663,yomo_test,2018-08-28 08:41:41.121663
90713,4,1,name,Value,f,yomo_test,2018-08-28 08:41:41.121663,yomo_test,2018-08-28 08:41:41.121663
90713,4,2,type,text,f,yomo_test,2018-08-28 08:41:41.121663,yomo_test,2018-08-28 08:41:41.121663
90713,4,3,data,value,f,yomo_test,2018-08-28 08:41:41.121663,yomo_test,2018-08-28 08:41:41.121663
90713,4,4,name-jp,Value,f,yomo_test,2018-08-28 08:41:41.121663,yomo_test,2018-08-28 08:41:41.121663
90713,5,1,name,Data Type,f,yomo_test,2018-08-28 08:41:41.121663,yomo_test,2018-08-28 08:41:41.121663
90713,5,2,type,text,f,yomo_test,2018-08-28 08:41:41.121663,yomo_test,2018-08-28 08:41:41.121663
90713,5,3,data,data_type,f,yomo_test,2018-08-28 08:41:41.121663,yomo_test,2018-08-28 08:41:41.121663
90713,5,4,name-jp,Data Type,f,yomo_test,2018-08-28 08:41:41.121663,yomo_test,2018-08-28 08:41:41.121663
90713,6,1,name,Disabled Flag,f,yomo_test,2018-08-28 08:41:41.121663,yomo_test,2018-08-28 08:41:41.121663
90713,6,2,type,checkbox,f,yomo_test,2018-08-28 08:41:41.121663,yomo_test,2018-08-28 08:41:41.121663
90713,6,3,data,disabled_flag,f,yomo_test,2018-08-28 08:41:41.121663,yomo_test,2018-08-28 08:41:41.121663
90713,6,4,name-jp,Disabled Flag,f,yomo_test,2018-08-28 08:41:41.121663,yomo_test,2018-08-28 08:41:41.121663
95111,1,2,type,text,f,yomo,2018-04-19 13:55:40.471413,yomo,2018-04-19 13:55:40.471413
95311,1,2,type,text,f,yomo,2018-04-19 14:20:06.963632,yomo,2018-04-19 14:20:06.963632
95411,1,2,type,text,f,yomo,2018-04-19 14:24:15.37309,yomo,2018-04-19 14:24:15.37309
95211,1,2,type,text,f,yomo,2018-04-20 01:14:52.859776,yomo,2018-04-20 01:14:52.859776
95211,1,1,name,Employee Name,f,yomo,2018-04-20 01:14:52.859776,yomo,2018-04-20 01:14:52.859776
95211,1,3,data,employee_name,f,yomo,2018-04-20 01:14:52.859776,yomo,2018-04-20 01:14:52.859776
95211,1,4,name-jp,Employee Name,f,yomo,2018-04-20 01:14:52.859776,yomo,2018-04-20 01:14:52.859776
95211,2,1,name,Working Hours,f,yomo,2018-04-20 01:33:13.631372,yomo,2018-04-20 01:33:13.631372
95311,1,1,name,Employee Name,f,yomo,2018-04-19 14:20:06.963632,yomo,2018-04-19 14:20:06.963632
95411,1,1,name,Date,f,yomo,2018-04-19 14:24:15.37309,yomo,2018-04-19 14:24:15.37309
95311,1,4,name-jp,Employee Name,f,yomo,2018-04-19 14:20:06.963632,yomo,2018-04-19 14:20:06.963632
95311,1,3,data,employee_name,f,yomo,2018-04-19 14:20:06.963632,yomo,2018-04-19 14:20:06.963632
95411,1,3,data,valuedate,f,yomo,2018-04-19 14:24:15.37309,yomo,2018-04-19 14:24:15.37309
95411,1,4,name-jp,Date,f,yomo,2018-04-19 14:24:15.37309,yomo,2018-04-19 14:24:15.37309
95211,2,2,type,text,f,yomo,2018-04-20 01:33:13.631372,yomo,2018-04-20 01:33:13.631372
95211,2,3,data,working_hours,f,yomo,2018-04-20 01:33:13.631372,yomo,2018-04-20 01:33:13.631372
95211,2,4,name-jp,Working Hours,f,yomo,2018-04-20 01:33:13.631372,yomo,2018-04-20 01:33:13.631372
95311,2,1,name,Working Hours,f,yomo,2018-04-20 03:19:46.798492,yomo,2018-04-20 03:19:46.798492
95311,2,2,type,text,f,yomo,2018-04-20 03:19:46.798492,yomo,2018-04-20 03:19:46.798492
95311,2,3,data,working_hours,f,yomo,2018-04-20 03:19:46.798492,yomo,2018-04-20 03:19:46.798492
95311,2,4,name-jp,Working Hours,f,yomo,2018-04-20 03:19:46.798492,yomo,2018-04-20 03:19:46.798492
95411,2,1,name,Open,f,yomo,2018-04-20 03:34:17.478067,yomo,2018-04-20 03:34:17.478067
95411,2,2,type,text,f,yomo,2018-04-20 03:34:17.478067,yomo,2018-04-20 03:34:17.478067
95411,2,3,data,open,f,yomo,2018-04-20 03:34:17.478067,yomo,2018-04-20 03:34:17.478067
95411,2,4,name-jp,Open,f,yomo,2018-04-20 03:34:17.478067,yomo,2018-04-20 03:34:17.478067
95411,3,1,name,Close,f,yomo,2018-04-20 03:34:17.478067,yomo,2018-04-20 03:34:17.478067
95411,3,2,type,text,f,yomo,2018-04-20 03:34:17.478067,yomo,2018-04-20 03:34:17.478067
95411,3,3,data,close,f,yomo,2018-04-20 03:34:17.478067,yomo,2018-04-20 03:34:17.478067
95411,3,4,name-jp,Close,f,yomo,2018-04-20 03:34:17.478067,yomo,2018-04-20 03:34:17.478067
95411,4,1,name,High,f,yomo,2018-04-20 03:36:21.917222,yomo,2018-04-20 03:36:21.917222
95411,4,2,type,text,f,yomo,2018-04-20 03:36:21.917222,yomo,2018-04-20 03:36:21.917222
95411,4,3,data,high,f,yomo,2018-04-20 03:36:21.917222,yomo,2018-04-20 03:36:21.917222
95411,4,4,name-jp,High,f,yomo,2018-04-20 03:36:21.917222,yomo,2018-04-20 03:36:21.917222
95411,5,1,name,Low,f,yomo,2018-04-20 03:42:14.657941,yomo,2018-04-20 03:42:14.657941
95411,5,2,type,text,f,yomo,2018-04-20 03:42:14.657941,yomo,2018-04-20 03:42:14.657941
95411,5,3,data,low,f,yomo,2018-04-20 03:42:14.657941,yomo,2018-04-20 03:42:14.657941
95411,5,4,name-jp,Low,f,yomo,2018-04-20 03:42:14.657941,yomo,2018-04-20 03:42:14.657941
95411,6,1,name,Volume,f,yomo,2018-04-20 03:43:14.731084,yomo,2018-04-20 03:43:14.731084
95411,6,2,type,text,f,yomo,2018-04-20 03:43:14.731084,yomo,2018-04-20 03:43:14.731084
95411,6,3,data,volume,f,yomo,2018-04-20 03:43:14.731084,yomo,2018-04-20 03:43:14.731084
95411,6,4,name-jp,Volume,f,yomo,2018-04-20 03:43:14.731084,yomo,2018-04-20 03:43:14.731084
95511,1,2,type,text,f,yomo_test,2018-08-26 05:33:14.596808,yomo_test,2018-08-26 05:33:14.596808
95511,2,2,type,text,f,yomo_test,2018-08-26 05:44:56.381739,yomo_test,2018-08-26 05:44:56.381739
95511,2,3,data,client_secret,f,yomo_test,2018-08-26 05:44:56.381739,yomo_test,2018-08-26 05:44:56.381739
95512,1,2,type,text,f,yomo_test,2018-08-26 05:51:20.05028,yomo_test,2018-08-26 05:51:20.05028
95511,1,1,name,Api Key,f,yomo_test,2018-08-26 05:33:14.596808,yomo_test,2018-08-26 05:33:14.596808
95511,1,3,data,api_key,f,yomo_test,2018-08-26 05:33:14.596808,yomo_test,2018-08-26 05:33:14.596808
95511,1,4,name-jp,Api Key,f,yomo_test,2018-08-26 05:33:14.596808,yomo_test,2018-08-26 05:33:14.596808
95512,1,1,name,Folder,f,yomo_test,2018-08-26 05:51:20.05028,yomo_test,2018-08-26 05:51:20.05028
95512,1,3,data,folder,f,yomo_test,2018-08-26 05:51:20.05028,yomo_test,2018-08-26 05:51:20.05028
95512,1,4,name-jp,Folder,f,yomo_test,2018-08-26 05:51:20.05028,yomo_test,2018-08-26 05:51:20.05028
95512,2,1,name,Share To,f,yomo_test,2018-08-26 05:55:46.876023,yomo_test,2018-08-26 05:55:46.876023
95512,2,2,type,text,f,yomo_test,2018-08-26 05:55:46.876023,yomo_test,2018-08-26 05:55:46.876023
95512,2,4,name-jp,Share To,f,yomo_test,2018-08-26 05:55:46.876023,yomo_test,2018-08-26 05:55:46.876023
95512,2,3,data,shareTo,f,yomo_test,2018-08-26 05:55:46.876023,yomo_test,2018-08-26 05:55:46.876023
95512,3,1,name,Content,f,yomo_test,2018-08-26 05:55:46.876023,yomo_test,2018-08-26 05:55:46.876023
95512,3,4,name-jp,Content,f,yomo_test,2018-08-26 05:55:46.876023,yomo_test,2018-08-26 05:55:46.876023
95512,3,3,data,content,f,yomo_test,2018-08-26 05:55:46.876023,yomo_test,2018-08-26 05:55:46.876023
95512,3,2,type,text,f,yomo_test,2018-08-26 05:55:46.876023,yomo_test,2018-08-26 05:55:46.876023
95512,4,1,name,Expiration,f,yomo_test,2018-08-26 11:42:40.278729,yomo_test,2018-08-26 11:42:40.278729
95512,4,2,type,text,f,yomo_test,2018-08-26 11:42:40.278729,yomo_test,2018-08-26 11:42:40.278729
95512,4,3,data,expiration,f,yomo_test,2018-08-26 11:42:40.278729,yomo_test,2018-08-26 11:42:40.278729
95512,4,4,name-jp,Expiration,f,yomo_test,2018-08-26 11:42:40.278729,yomo_test,2018-08-26 11:42:40.278729
95612,1,2,type,text,f,yomo_test,2018-08-27 05:00:28.994827,yomo_test,2018-08-27 05:00:28.994827
95611,1,2,type,text,t,yomo_test,2018-08-27 04:57:58.864351,yomo_test,2018-08-27 04:57:58.864351
95611,2,1,name,Raw Content,f,yomo_test,2018-08-27 05:08:39.204496,yomo_test,2018-08-27 05:08:39.204496
95611,2,2,type,text,f,yomo_test,2018-08-27 05:08:39.204496,yomo_test,2018-08-27 05:08:39.204496
95111,1,1,name,Name,f,yomo,2018-04-19 13:55:40.471413,yomo,2018-04-19 13:55:40.471413
95611,2,3,data,content,f,yomo_test,2018-08-27 05:08:39.204496,yomo_test,2018-08-27 05:08:39.204496
95611,2,4,name-jp,Raw Content,f,yomo_test,2018-08-27 05:08:39.204496,yomo_test,2018-08-27 05:08:39.204496
95611,4,1,name,Encrypted Data,f,yomo_test,2018-08-27 05:08:39.204496,yomo_test,2018-08-27 05:08:39.204496
95611,4,2,type,text,f,yomo_test,2018-08-27 05:08:39.204496,yomo_test,2018-08-27 05:08:39.204496
95611,4,3,data,encrypted_data,f,yomo_test,2018-08-27 05:08:39.204496,yomo_test,2018-08-27 05:08:39.204496
95611,4,4,name-jp,Encrypt Data,f,yomo_test,2018-08-27 05:08:39.204496,yomo_test,2018-08-27 05:08:39.204496
95612,3,2,type,text,f,yomo_test,2018-08-27 05:11:33.839925,yomo_test,2018-08-27 05:11:33.839925
95711,1,2,type,text,f,yomoweb,2019-04-05 00:21:31.155781,yomoweb,2019-04-05 00:21:31.155781
95711,1,1,name,Date,f,yomoweb,2019-04-05 00:21:31.155781,yomoweb,2019-04-05 00:21:31.155781
95711,1,3,data,year,f,yomoweb,2019-04-05 00:21:31.155781,yomoweb,2019-04-05 00:21:31.155781
95711,1,4,name-jp,Date,f,yomoweb,2019-04-05 00:21:31.155781,yomoweb,2019-04-05 00:21:31.155781
95711,2,1,name,Price,f,yomoweb,2019-04-05 00:31:59.850187,yomoweb,2019-04-05 00:31:59.850187
95711,2,2,type,text,f,yomoweb,2019-04-05 00:31:59.850187,yomoweb,2019-04-05 00:31:59.850187
95711,2,3,data,price,f,yomoweb,2019-04-05 00:31:59.850187,yomoweb,2019-04-05 00:31:59.850187
95711,2,4,name-jp,Price,f,yomoweb,2019-04-05 00:31:59.850187,yomoweb,2019-04-05 00:31:59.850187
95511,2,1,name,Client ID,f,yomo_test,2018-08-26 05:44:56.381739,yomo_test,2018-08-26 05:44:56.381739
95511,2,4,name-jp,Client ID,f,yomo_test,2018-08-26 05:44:56.381739,yomo_test,2018-08-26 05:44:56.381739
95611,1,1,name,User Name,t,yomo_test,2018-08-27 04:57:58.864351,yomo_test,2018-08-27 04:57:58.864351
95611,1,3,data,user_name,t,yomo_test,2018-08-27 04:57:58.864351,yomo_test,2018-08-27 04:57:58.864351
95611,1,4,name-jp,User Name,t,yomo_test,2018-08-27 04:57:58.864351,yomo_test,2018-08-27 04:57:58.864351
95611,3,1,name,Encrypted Salt,t,yomo_test,2018-08-27 05:08:39.204496,yomo_test,2018-08-27 05:08:39.204496
95611,3,2,type,text,t,yomo_test,2018-08-27 05:08:39.204496,yomo_test,2018-08-27 05:08:39.204496
95611,3,3,data,encrypted_salt,t,yomo_test,2018-08-27 05:08:39.204496,yomo_test,2018-08-27 05:08:39.204496
95611,3,4,name-jp,Encrypt Salt,t,yomo_test,2018-08-27 05:08:39.204496,yomo_test,2018-08-27 05:08:39.204496
95612,1,1,name,Decrypted Data,f,yomo_test,2018-08-27 05:00:28.994827,yomo_test,2018-08-27 05:00:28.994827
95612,1,3,data,decrypted_data,f,yomo_test,2018-08-27 05:00:28.994827,yomo_test,2018-08-27 05:00:28.994827
95612,1,4,name-jp,Decrypted Data,f,yomo_test,2018-08-27 05:00:28.994827,yomo_test,2018-08-27 05:00:28.994827
95612,2,1,name,Encrypted Salt,t,yomo_test,2018-08-27 05:11:33.839925,yomo_test,2018-08-27 05:11:33.839925
95612,2,2,type,text,t,yomo_test,2018-08-27 05:11:33.839925,yomo_test,2018-08-27 05:11:33.839925
95612,2,3,data,encrypted_salt,t,yomo_test,2018-08-27 05:11:33.839925,yomo_test,2018-08-27 05:11:33.839925
95612,2,4,name-jp,Encrypted Salt,t,yomo_test,2018-08-27 05:11:33.839925,yomo_test,2018-08-27 05:11:33.839925
95612,3,1,name,Encrypted Salt,f,yomo_test,2018-08-27 05:11:33.839925,yomo_test,2018-08-27 05:11:33.839925
95612,3,3,data,encrypted_data,f,yomo_test,2018-08-27 05:11:33.839925,yomo_test,2018-08-27 05:11:33.839925
95612,3,4,name-jp,Encrypted Salt,f,yomo_test,2018-08-27 05:11:33.839925,yomo_test,2018-08-27 05:11:33.839925
95712,1,2,type,text,f,yomoweb,2019-04-08 04:12:49.89323,yomoweb,2019-04-08 04:12:49.89323
95712,1,1,name,User,f,yomoweb,2019-04-08 04:12:49.89323,yomoweb,2019-04-08 04:12:49.89323
95712,1,3,data,user_name,f,yomoweb,2019-04-08 04:12:49.89323,yomoweb,2019-04-08 04:12:49.89323
95712,1,4,name-jp,User,f,yomoweb,2019-04-08 04:12:49.89323,yomoweb,2019-04-08 04:12:49.89323
90212,6,1,name,Comment,f,yomo,2018-04-19 10:57:26.638393,yomo,2018-04-19 10:57:26.638393
90212,6,2,type,text,f,yomo,2018-04-19 10:57:26.638393,yomo,2018-04-19 10:57:26.638393
90212,6,3,data,comment,f,yomo,2018-04-19 10:57:26.638393,yomo,2018-04-19 10:57:26.638393
90212,6,4,name-jp,Comment,f,yomo,2018-04-19 10:57:26.638393,yomo,2018-04-19 10:57:26.638393
90212,5,2,type,text,f,yomo,2019-04-18 14:15:09.475826,yomo,2019-04-18 14:15:09.475826
90212,5,1,name,GUI SEQ,f,yomo,2019-04-18 14:15:09.475826,yomo,2019-04-18 14:15:09.475826
90212,5,4,name-jp,GUI SEQ,f,yomo,2019-04-18 14:15:09.475826,yomo,2019-04-18 14:15:09.475826
90212,5,3,data,gui_seq,f,yomo,2019-04-18 14:15:09.475826,yomo,2019-04-18 14:15:09.475826
90111,7,2,type,text,f,yomokf,2019-04-19 01:59:53.715702,yomokf,2019-04-19 01:59:53.715702
90111,7,1,name,GUI Seq,f,yomokf,2019-04-19 01:59:53.715702,yomokf,2019-04-19 01:59:53.715702
90111,7,4,name-jp,GUI Seq,f,yomokf,2019-04-19 01:59:53.715702,yomokf,2019-04-19 01:59:53.715702
90111,7,3,data,gui_seq,f,yomokf,2019-04-19 01:59:53.715702,yomokf,2019-04-19 01:59:53.715702
95111,1,3,data,name,f,yomo,2018-04-19 13:55:40.471413,yomo,2018-04-19 13:55:40.471413
95111,1,4,name-jp,Name,f,yomo,2018-04-19 13:55:40.471413,yomo,2018-04-19 13:55:40.471413
95111,2,1,name,Nationality,f,yomokf,2019-04-19 03:35:48.97558,yomokf,2019-04-19 03:35:48.97558
95111,2,2,type,dropdown,f,yomokf,2019-04-19 03:35:48.97558,yomokf,2019-04-19 03:35:48.97558
95111,2,3,data,nationary,f,yomokf,2019-04-19 03:35:48.97558,yomokf,2019-04-19 03:35:48.97558
95111,2,4,name-jp,Nationality,f,yomokf,2019-04-19 03:35:48.97558,yomokf,2019-04-19 03:35:48.97558
95111,2,5,source,"[""China"",""Japanese"",""US"",""UK"",""German"",""France"",""Swiss"",""Canada""]",f,yomokf,2019-04-19 03:35:48.97558,yomokf,2019-04-19 03:35:48.97558
95112,1,1,name,Template Name,f,yomokf,2019-04-19 03:38:04.349214,yomokf,2019-04-19 03:38:04.349214
95112,1,2,type,text,f,yomokf,2019-04-19 03:38:04.349214,yomokf,2019-04-19 03:38:04.349214
95112,1,3,data,template_name,f,yomokf,2019-04-19 03:38:04.349214,yomokf,2019-04-19 03:38:04.349214
95112,1,4,name-jp,Template Name,f,yomokf,2019-04-19 03:38:04.349214,yomokf,2019-04-19 03:38:04.349214
